australiacentral,australiacentral2,australiaeast,australiasoutheast,brazilsouth,brazilsoutheast,brazilus,canadacentral,canadaeast,centralindia,centralus,centraluseuap,eastasia,eastus,eastus2,eastus2euap,francecentral,francesouth,germanynorth,germanywestcentral,israelcentral,italynorth,japaneast,japanwest,jioindiacentral,jioindiawest,koreacentral,koreasouth,malaysiasouth,mexicocentral,newzealandnorth,northcentralus,northeurope,norwayeast,norwaywest,polandcentral,qatarcentral,southafricanorth,southafricawest,southcentralus,southeastasia,southindia,spaincentral,swedencentral,swedensouth,switzerlandnorth,switzerlandwest,uaecentral,uaenorth,uksouth,ukwest,westcentralus,westeurope,westindia,westus,westus2,westus3,australiaeastfoundational,austriaeast,chilecentral,eastusslv,indonesiacentral,israelnorthwest,malaysiawest,southcentralus2,southeastus,southwestus
